Metric,Score
Accuracy,0.9779411764705882
Precision,1.0
Recall,0.9779411764705882
F1 Score,0.9888475836431226
AUC,
Avg Confidence,0.8941176470588236
