Metric,Score
Accuracy,0.5
Precision,0.5
Recall,0.5238095238095238
F1 Score,0.5116279069767442
AUC,0.4920634920634921
Avg Confidence,0.8555555555555557
