Metric,Rate
True Positive Rate,0.5238095238095238
True Negative Rate,0.47619047619047616
False Positive Rate,0.5238095238095238
False Negative Rate,0.47619047619047616
