Outcome,Rate
P-C,0.14285714285714285
P-V,0.38095238095238093
P-B,0.3333333333333333
P-R,0.14285714285714285
