Metric,Score
Accuracy,0.5228915662650603
Precision,0.5226130653266332
Recall,0.5024154589371981
F1 Score,0.5123152709359606
AUC,0.5308783909327388
Avg Confidence,8.626506024096386
