Metric,Rate
True Positive Rate,0.5024154589371981
True Negative Rate,0.5432692307692307
False Positive Rate,0.4567307692307692
False Negative Rate,0.4975845410628019
