Metric,Score
Accuracy,0.5151515151515151
Precision,1.0
Recall,0.5151515151515151
F1 Score,0.68
AUC,
Avg Confidence,0.8515151515151516
