Metric,Rate
True Positive Rate,0.5240384615384616
True Negative Rate,0.5288461538461539
False Positive Rate,0.47115384615384615
False Negative Rate,0.47596153846153844
