Metric,Score
Accuracy,0.5264423076923077
Precision,0.5265700483091788
Recall,0.5240384615384616
F1 Score,0.5253012048192771
AUC,0.501906897189349
Avg Confidence,9.678605769230769
