cwe,TruePositiveRate,TrueNegativeRate,FalsePositiveRate,FalseNegativeRate
CWE-119,1.0,0.0,1.0,0.0
CWE-125,0.1,0.8,0.2,0.9
CWE-190,0.5,1.0,0.0,0.5
CWE-20,0.0,1.0,0.0,1.0
CWE-269,1.0,0.0,1.0,0.0
CWE-276,1.0,0.0,1.0,0.0
CWE-362,1.0,0.5,0.5,0.0
CWE-416,0.4285714285714285,0.4285714285714285,0.5714285714285714,0.5714285714285714
CWE-476,0.5,0.2777777777777778,0.7222222222222222,0.5
CWE-787,0.8461538461538461,0.3076923076923077,0.6923076923076923,0.1538461538461538
CWE-862,0.0,1.0,0.0,1.0
