Outcome,Rate
P-C,0.2560386473429952
P-V,0.2463768115942029
P-B,0.28019323671497587
P-R,0.21739130434782608
