Metric,Score
Accuracy,0.85
Precision,0.8484848484848485
Recall,0.9655172413793104
F1 Score,0.9032258064516129
AUC,0.7492163009404389
Avg Confidence,0.8825
