Metric,Score
Accuracy,0.88
Precision,0.8854166666666666
Recall,0.9883720930232558
F1 Score,0.9340659340659341
AUC,0.643687707641196
Avg Confidence,0.8920000000000003
