Metric,Rate
True Positive Rate,0.9883720930232558
True Negative Rate,0.21428571428571427
False Positive Rate,0.7857142857142857
False Negative Rate,0.011627906976744186
