cwe,P-C,P-V,P-B,P-R
CWE-119,0.0,1.0,0.0,0.0
CWE-125,0.1,0.0,0.7,0.2
CWE-190,0.5,0.0,0.5,0.0
CWE-20,0.0,0.0,1.0,0.0
CWE-269,0.0,1.0,0.0,0.0
CWE-276,0.0,1.0,0.0,0.0
CWE-362,0.5,0.5,0.0,0.0
CWE-416,0.0,0.42857142857142855,0.42857142857142855,0.14285714285714285
CWE-476,0.1111111111111111,0.3888888888888889,0.16666666666666666,0.3333333333333333
CWE-787,0.15384615384615385,0.6923076923076923,0.15384615384615385,0.0
CWE-862,0.0,0.0,1.0,0.0
