Metric,Rate
True Positive Rate,0.13636363636363635
True Negative Rate,0.13636363636363635
False Positive Rate,0.36363636363636365
False Negative Rate,0.36363636363636365
