Metric,Score
Accuracy,0.5384615384615384
Precision,0.5238095238095238
Recall,0.8461538461538461
F1 Score,0.6470588235294118
AUC,0.514792899408284
Avg Confidence,0.8615384615384615
