cwe,Accuracy,Precision,Recall,F1Score,AUC,AvgConfidence
CWE-119,1.0,1.0,1.0,1.0,0.0,0.8933333333333334
CWE-121,1.0,1.0,1.0,1.0,0.0,0.9
CWE-122,1.0,1.0,1.0,1.0,0.0,0.9000000000000001
CWE-190,1.0,1.0,1.0,1.0,0.0,0.9000000000000001
CWE-362,0.8,1.0,0.8,0.8888888888888888,0.0,0.8866666666666667
CWE-401,1.0,1.0,1.0,1.0,0.0,0.8800000000000002
CWE-415,1.0,1.0,1.0,1.0,0.0,0.8933333333333334
CWE-416,1.0,1.0,1.0,1.0,0.0,0.8933333333333334
CWE-77,1.0,1.0,1.0,1.0,0.0,0.9000000000000001
