Outcome,Rate
P-C,0.27884615384615385
P-V,0.24519230769230768
P-B,0.24519230769230768
P-R,0.23076923076923078
