Metric,Rate
True Positive Rate,0.35714285714285715
True Negative Rate,0.35714285714285715
False Positive Rate,0.14285714285714285
False Negative Rate,0.14285714285714285
