Metric,Score
Accuracy,0.5671641791044776
Precision,0.5121951219512195
Recall,0.7
F1 Score,0.5915492957746479
AUC,0.5766891891891892
Avg Confidence,0.8604477611940299
