Outcome,Rate
P-C,0.12903225806451613
P-V,0.5
P-B,0.25806451612903225
P-R,0.11290322580645161
