cwe,P-C,P-V,P-B,P-R
CWE-125,0.0,1.0,0.0,0.0
CWE-354,1.0,0.0,0.0,0.0
CWE-369,0.0,1.0,0.0,0.0
CWE-476,0.75,0.25,0.0,0.0
CWE-617,0.6666666666666666,0.3333333333333333,0.0,0.0
CWE-787,0.0,1.0,0.0,0.0
CWE-843,0.0,1.0,0.0,0.0
CWE-909,1.0,0.0,0.0,0.0
