Metric,Score
Accuracy,0.5080645161290323
Precision,0.5064935064935064
Recall,0.6290322580645161
F1 Score,0.5611510791366906
AUC,0.47801768990634763
Avg Confidence,0.8556451612903226
