Outcome,Rate
P-C,0.12903225806451613
P-V,0.4838709677419355
P-B,0.2903225806451613
P-R,0.0967741935483871
